{
    "loss": 0.08514485508203506,
    "accuracy": 0.9648337364196777
}